experimento,tf_match,pvalue,evalue,qvalue
meme_oops,MA0139.2,1.43452e-12,3.36539e-09,6.73078e-09
meme_oops_markov,MA0139.2,1.42323e-12,3.33889e-09,6.67779e-09
meme_zoops,MA0139.2,2.64181e-23,6.19768e-20,1.23954e-19
streme,MA0139.2,4.46208e-13,1.0468e-09,2.09361e-09
streme_top10,MA0139.2,2.64265e-10,6.19966e-07,1.23537e-06
streme_top25,MA0139.2,9.79395e-12,2.29766e-08,4.58832e-08
streme_top50,MA0139.2,6.72142e-13,1.57685e-09,3.15369e-09
